{
  "resourceType": "CarePlan",
  "instantiatesCanonical": [
    "http://epa-bienestar.com.ar/PlanDefinition/smoking-cessation-4-steps-grupo-b"
  ],
  "status": "active",
  "intent": "plan",
  "category": [
    {
      "coding": [
        {
          "system": "http://snomed.info/sct",
          "code": "225323000",
          "display": "Smoking cessation education"
        }
      ]
    }
  ],
  "title": "Plan de Cesación Tabáquica - María González",
  "description": "Plan personalizado de 12 semanas para cesación tabáquica",
  "subject": {
    "reference": "Patient/ejemplo-maria-gonzalez-32",
    "display": "María González"
  },
  "period": {
    "start": "2026-01-13",
    "end": "2026-04-06"
  },
  "created": "2026-01-13",
  "author": {
    "reference": "Practitioner/ejemplo-dra-aquieri",
    "display": "Dra. Analía Aquieri"
  },
  "careTeam": [
    {
      "reference": "CareTeam/equipo-cardiologia-epa"
    }
  ],
  "addresses": [
    {
      "reference": "Condition/tabaquismo-maria-gonzalez"
    }
  ],
  "goal": [
    {
      "reference": "Goal/cesacion-completa-maria"
    }
  ],
  "activity": [
    {
      "outcomeReference": [
        {
          "reference": "Observation/fagerstrom-baseline-maria"
        }
      ],
      "detail": {
        "kind": "ServiceRequest",
        "instantiatesCanonical": [
          "http://epa-bienestar.com.ar/ActivityDefinition/smoking-cessation-program-grupo-b"
        ],
        "code": {
          "coding": [
            {
              "system": "http://snomed.info/sct",
              "code": "225323000",
              "display": "Smoking cessation education"
            }
          ]
        },
        "status": "in-progress",
        "scheduledPeriod": {
          "start": "2026-01-13",
          "end": "2026-04-06"
        },
        "performer": [
          {
            "reference": "Practitioner/ejemplo-dra-aquieri"
          }
        ],
        "description": "Programa completo de cesación tabáquica de 12 semanas"
      }
    }
  ]
}