{
  "resourceType": "CarePlan",
  "meta": {
    "profile": [
      "http://hl7.org/fhir/StructureDefinition/CarePlan"
    ]
  },
  "instantiatesCanonical": [
    "http://epa-bienestar.com.ar/PlanDefinition/smoking-cessation-4-steps-grupo-b"
  ],
  "status": "draft",
  "intent": "plan",
  "category": [
    {
      "coding": [
        {
          "system": "http://snomed.info/sct",
          "code": "225323000",
          "display": "Smoking cessation education"
        }
      ]
    }
  ],
  "title": "Plan de Cesación Tabáquica - Grupo B",
  "description": "Plan personalizado de 12 semanas para cesación tabáquica basado en protocolo de 4 pasos.",
  "period": {
    "start": "2026-01-13",
    "end": "2026-04-06"
  },
  "activity": [
    {
      "reference": {
        "display": "Paso 1: Preparación"
      },
      "detail": {
        "kind": "ServiceRequest",
        "instantiatesCanonical": [
          "http://epa-bienestar.com.ar/ActivityDefinition/smoking-cessation-program-grupo-b"
        ],
        "code": {
          "coding": [
            {
              "system": "http://snomed.info/sct",
              "code": "225323000",
              "display": "Smoking cessation education"
            }
          ]
        },
        "status": "not-started",
        "scheduledTiming": {
          "repeat": {
            "boundsPeriod": {
              "start": "2026-01-13",
              "end": "2026-01-27"
            }
          }
        },
        "description": "Evaluación inicial, Test de Fagerström, establecer fecha objetivo, identificar gatillos"
      }
    }
  ]
}