{
  "resourceType": "ObservationDefinition",
  "id": "smoking-status-le8",
  "meta": {
    "profile": [
      "http://hl7.org/fhir/StructureDefinition/ObservationDefinition"
    ]
  },
  "url": "http://epa-bienestar.com.ar/ObservationDefinition/smoking-status-le8",
  "version": "1.0.0",
  "name": "SmokingStatusLE8",
  "title": "Estado de Consumo de Tabaco - Life's Essential 8",
  "status": "active",
  "experimental": false,
  "date": "2026-01-13",
  "publisher": "EPA Bienestar IA",
  "description": "Definición de observación para rastrear el estado de consumo de tabaco según los criterios de Life's Essential 8 de la American Heart Association.",
  "code": {
    "coding": [
      {
        "system": "http://loinc.org",
        "code": "72166-2",
        "display": "Tobacco smoking status"
      }
    ]
  },
  "permittedDataType": [
    "CodeableConcept"
  ],
  "multipleResultsAllowed": false,
  "method": {
    "coding": [
      {
        "system": "http://snomed.info/sct",
        "code": "273541004",
        "display": "Patient self-report"
      }
    ]
  },
  "qualifiedInterval": [
    {
      "category": "reference",
      "range": {
        "low": {
          "value": 100,
          "unit": "points"
        },
        "high": {
          "value": 100,
          "unit": "points"
        }
      },
      "condition": "Never smoker or former smoker (quit >12 months)",
      "appliesTo": [
        {
          "coding": [
            {
              "system": "http://snomed.info/sct",
              "code": "266919005",
              "display": "Never smoked tobacco"
            }
          ]
        },
        {
          "coding": [
            {
              "system": "http://snomed.info/sct",
              "code": "8517006",
              "display": "Former smoker"
            }
          ]
        }
      ]
    },
    {
      "category": "reference",
      "range": {
        "low": {
          "value": 75,
          "unit": "points"
        },
        "high": {
          "value": 75,
          "unit": "points"
        }
      },
      "condition": "Former smoker (quit 6-12 months)",
      "appliesTo": [
        {
          "coding": [
            {
              "system": "http://snomed.info/sct",
              "code": "8517006",
              "display": "Former smoker"
            }
          ]
        }
      ]
    },
    {
      "category": "reference",
      "range": {
        "low": {
          "value": 50,
          "unit": "points"
        },
        "high": {
          "value": 50,
          "unit": "points"
        }
      },
      "condition": "Former smoker (quit 1-6 months)",
      "appliesTo": [
        {
          "coding": [
            {
              "system": "http://snomed.info/sct",
              "code": "8517006",
              "display": "Former smoker"
            }
          ]
        }
      ]
    },
    {
      "category": "reference",
      "range": {
        "low": {
          "value": 25,
          "unit": "points"
        },
        "high": {
          "value": 25,
          "unit": "points"
        }
      },
      "condition": "Former smoker (quit <1 month)",
      "appliesTo": [
        {
          "coding": [
            {
              "system": "http://snomed.info/sct",
              "code": "8517006",
              "display": "Former smoker"
            }
          ]
        }
      ]
    },
    {
      "category": "reference",
      "range": {
        "low": {
          "value": 0,
          "unit": "points"
        },
        "high": {
          "value": 0,
          "unit": "points"
        }
      },
      "condition": "Current smoker (any tobacco or e-cigarette)",
      "appliesTo": [
        {
          "coding": [
            {
              "system": "http://snomed.info/sct",
              "code": "77176002",
              "display": "Smoker"
            }
          ]
        },
        {
          "coding": [
            {
              "system": "http://snomed.info/sct",
              "code": "722496004",
              "display": "Electronic cigarette user"
            }
          ]
        }
      ]
    }
  ],
  "validCodedValueSet": {
    "reference": "http://hl7.org/fhir/ValueSet/smoking-status"
  }
}