{
  "resourceType": "Questionnaire",
  "id": "mepa-diet-screening-grupo-b",
  "meta": {
    "profile": [
      "http://hl7.org/fhir/StructureDefinition/Questionnaire"
    ]
  },
  "url": "http://epa-bienestar.com.ar/Questionnaire/mepa-diet-screening-grupo-b",
  "version": "1.0.0",
  "name": "MEPADietScreening",
  "title": "Mediterranean Eating Pattern for Americans (MEPA) - Grupo B",
  "status": "active",
  "experimental": false,
  "date": "2026-01-13",
  "publisher": "EPA Bienestar IA",
  "description": "Cuestionario MEPA adaptado para evaluación de patrones alimenticios saludables en el contexto de Life's Essential 8. Versión para mujeres 28-40 años planificando maternidad.",
  "purpose": "Evaluar la adherencia a patrones de alimentación mediterránea adaptados para estadounidenses/latinoamericanos como parte del componente de Dieta en Life's Essential 8.",
  "copyright": "© Rush University Medical Center. Adaptado con permiso para EPA Bienestar IA.",
  "code": [
    {
      "system": "http://loinc.org",
      "code": "89574-8",
      "display": "Mediterranean diet adherence panel"
    }
  ],
  "item": [
    {
      "linkId": "mepa-1-olive-oil",
      "text": "¿Cuántas porciones de aceite de oliva consume? (1 cucharada)",
      "type": "choice",
      "required": true,
      "answerOption": [
        {
          "valueCoding": {
            "code": "daily-2plus",
            "display": "2 o más por día"
          }
        },
        {
          "valueCoding": {
            "code": "daily-1",
            "display": "1 por día"
          }
        },
        {
          "valueCoding": {
            "code": "weekly",
            "display": "Algunas veces por semana"
          }
        },
        {
          "valueCoding": {
            "code": "rarely",
            "display": "Raramente o nunca"
          }
        }
      ]
    },
    {
      "linkId": "mepa-2-leafy-vegetables",
      "text": "¿Cuántas porciones de vegetales de hoja verde consume (espinaca, lechuga, kale)? (1 taza cruda o 1/2 taza cocida)",
      "type": "choice",
      "required": true,
      "answerOption": [
        {
          "valueCoding": {
            "code": "daily-1plus",
            "display": "1 o más por día"
          }
        },
        {
          "valueCoding": {
            "code": "weekly-5-6",
            "display": "5-6 por semana"
          }
        },
        {
          "valueCoding": {
            "code": "weekly-2-4",
            "display": "2-4 por semana"
          }
        },
        {
          "valueCoding": {
            "code": "weekly-0-1",
            "display": "0-1 por semana"
          }
        }
      ]
    },
    {
      "linkId": "mepa-3-other-vegetables",
      "text": "¿Cuántas porciones de otros vegetales consume? (1/2 taza)",
      "type": "choice",
      "required": true,
      "answerOption": [
        {
          "valueCoding": {
            "code": "daily-2plus",
            "display": "2 o más por día"
          }
        },
        {
          "valueCoding": {
            "code": "daily-1",
            "display": "1 por día"
          }
        },
        {
          "valueCoding": {
            "code": "weekly-4-6",
            "display": "4-6 por semana"
          }
        },
        {
          "valueCoding": {
            "code": "weekly-0-3",
            "display": "0-3 por semana"
          }
        }
      ]
    },
    {
      "linkId": "mepa-4-berries",
      "text": "¿Cuántas porciones de berries (arándanos, fresas, frambuesas) consume? (1/2 taza)",
      "type": "choice",
      "required": true,
      "answerOption": [
        {
          "valueCoding": {
            "code": "weekly-2plus",
            "display": "2 o más por semana"
          }
        },
        {
          "valueCoding": {
            "code": "weekly-1",
            "display": "1 por semana"
          }
        },
        {
          "valueCoding": {
            "code": "monthly-2-3",
            "display": "2-3 por mes"
          }
        },
        {
          "valueCoding": {
            "code": "rarely",
            "display": "Raramente o nunca"
          }
        }
      ]
    },
    {
      "linkId": "mepa-5-other-fruit",
      "text": "¿Cuántas porciones de otras frutas consume (sin contar berries)? (1/2 taza)",
      "type": "choice",
      "required": true,
      "answerOption": [
        {
          "valueCoding": {
            "code": "daily-1plus",
            "display": "1 o más por día"
          }
        },
        {
          "valueCoding": {
            "code": "weekly-4-6",
            "display": "4-6 por semana"
          }
        },
        {
          "valueCoding": {
            "code": "weekly-1-3",
            "display": "1-3 por semana"
          }
        },
        {
          "valueCoding": {
            "code": "rarely",
            "display": "Raramente o nunca"
          }
        }
      ]
    },
    {
      "linkId": "mepa-6-red-meat",
      "text": "¿Cuántas porciones de carne roja, hamburguesa, bacon o salchichas consume? (3 onzas)",
      "type": "choice",
      "required": true,
      "answerOption": [
        {
          "valueCoding": {
            "code": "weekly-0-2",
            "display": "0-2 por semana"
          }
        },
        {
          "valueCoding": {
            "code": "weekly-3",
            "display": "3 por semana"
          }
        },
        {
          "valueCoding": {
            "code": "weekly-4-5",
            "display": "4-5 por semana"
          }
        },
        {
          "valueCoding": {
            "code": "weekly-6plus",
            "display": "6 o más por semana"
          }
        }
      ]
    },
    {
      "linkId": "mepa-7-fish",
      "text": "¿Cuántas porciones de pescado (no frito) consume? (3 onzas)",
      "type": "choice",
      "required": true,
      "answerOption": [
        {
          "valueCoding": {
            "code": "weekly-1plus",
            "display": "1 o más por semana"
          }
        },
        {
          "valueCoding": {
            "code": "monthly-2-3",
            "display": "2-3 por mes"
          }
        },
        {
          "valueCoding": {
            "code": "monthly-1",
            "display": "1 por mes"
          }
        },
        {
          "valueCoding": {
            "code": "rarely",
            "display": "Raramente o nunca"
          }
        }
      ]
    },
    {
      "linkId": "mepa-8-chicken",
      "text": "¿Cuántas porciones de pollo (no frito) consume? (3 onzas)",
      "type": "choice",
      "required": true,
      "answerOption": [
        {
          "valueCoding": {
            "code": "weekly-0-4",
            "display": "0-4 por semana"
          }
        },
        {
          "valueCoding": {
            "code": "weekly-5",
            "display": "5 por semana"
          }
        },
        {
          "valueCoding": {
            "code": "weekly-6-7",
            "display": "6-7 por semana"
          }
        },
        {
          "valueCoding": {
            "code": "daily-1plus",
            "display": "1 o más por día"
          }
        }
      ]
    },
    {
      "linkId": "mepa-9-full-fat-cheese",
      "text": "¿Cuántas porciones de queso entero o queso crema consume? (1 onza)",
      "type": "choice",
      "required": true,
      "answerOption": [
        {
          "valueCoding": {
            "code": "weekly-0-3",
            "display": "0-3 por semana"
          }
        },
        {
          "valueCoding": {
            "code": "weekly-4",
            "display": "4 por semana"
          }
        },
        {
          "valueCoding": {
            "code": "weekly-5-6",
            "display": "5-6 por semana"
          }
        },
        {
          "valueCoding": {
            "code": "weekly-7plus",
            "display": "7 o más por semana"
          }
        }
      ]
    },
    {
      "linkId": "mepa-10-butter-cream",
      "text": "¿Cuántas porciones de mantequilla o crema consume? (1 cucharada)",
      "type": "choice",
      "required": true,
      "answerOption": [
        {
          "valueCoding": {
            "code": "weekly-0-4",
            "display": "0-4 por semana"
          }
        },
        {
          "valueCoding": {
            "code": "weekly-5",
            "display": "5 por semana"
          }
        },
        {
          "valueCoding": {
            "code": "weekly-6-7",
            "display": "6-7 por semana"
          }
        },
        {
          "valueCoding": {
            "code": "daily-1plus",
            "display": "1 o más por día"
          }
        }
      ]
    },
    {
      "linkId": "mepa-11-beans",
      "text": "¿Cuántas porciones de legumbres consume (porotos, lentejas, soja)? (1/2 taza)",
      "type": "choice",
      "required": true,
      "answerOption": [
        {
          "valueCoding": {
            "code": "weekly-3plus",
            "display": "3 o más por semana"
          }
        },
        {
          "valueCoding": {
            "code": "weekly-2",
            "display": "2 por semana"
          }
        },
        {
          "valueCoding": {
            "code": "weekly-1",
            "display": "1 por semana"
          }
        },
        {
          "valueCoding": {
            "code": "rarely",
            "display": "Raramente o nunca"
          }
        }
      ]
    },
    {
      "linkId": "mepa-12-whole-grains",
      "text": "¿Con qué frecuencia consume panes, pastas o cereales integrales? (1 rebanada de pan, 3/4 taza pasta/cereal)",
      "type": "choice",
      "required": true,
      "answerOption": [
        {
          "valueCoding": {
            "code": "daily-3plus",
            "display": "3 o más por día"
          }
        },
        {
          "valueCoding": {
            "code": "daily-2",
            "display": "2 por día"
          }
        },
        {
          "valueCoding": {
            "code": "daily-1",
            "display": "1 por día"
          }
        },
        {
          "valueCoding": {
            "code": "weekly",
            "display": "Algunas veces por semana"
          }
        }
      ]
    },
    {
      "linkId": "mepa-13-sweets",
      "text": "¿Con qué frecuencia consume dulces comerciales, chocolates, pasteles, galletas o tortas? (1 unidad)",
      "type": "choice",
      "required": true,
      "answerOption": [
        {
          "valueCoding": {
            "code": "weekly-0-3",
            "display": "0-3 por semana"
          }
        },
        {
          "valueCoding": {
            "code": "weekly-4",
            "display": "4 por semana"
          }
        },
        {
          "valueCoding": {
            "code": "weekly-5-6",
            "display": "5-6 por semana"
          }
        },
        {
          "valueCoding": {
            "code": "daily-1plus",
            "display": "1 o más por día"
          }
        }
      ]
    },
    {
      "linkId": "mepa-14-nuts",
      "text": "¿Cuántas porciones de frutos secos consume? (1/4 taza)",
      "type": "choice",
      "required": true,
      "answerOption": [
        {
          "valueCoding": {
            "code": "weekly-4plus",
            "display": "4 o más por semana"
          }
        },
        {
          "valueCoding": {
            "code": "weekly-2-3",
            "display": "2-3 por semana"
          }
        },
        {
          "valueCoding": {
            "code": "weekly-1",
            "display": "1 por semana"
          }
        },
        {
          "valueCoding": {
            "code": "rarely",
            "display": "Raramente o nunca"
          }
        }
      ]
    },
    {
      "linkId": "mepa-15-fast-food",
      "text": "¿Cuántas veces come en restaurantes de comida rápida (McDonald's, Burger King, etc.)?",
      "type": "choice",
      "required": true,
      "answerOption": [
        {
          "valueCoding": {
            "code": "monthly-0",
            "display": "Menos de 1 vez por mes"
          }
        },
        {
          "valueCoding": {
            "code": "monthly-1-2",
            "display": "1-2 veces por mes"
          }
        },
        {
          "valueCoding": {
            "code": "weekly-1",
            "display": "1 vez por semana"
          }
        },
        {
          "valueCoding": {
            "code": "weekly-2plus",
            "display": "2 o más por semana"
          }
        }
      ]
    },
    {
      "linkId": "mepa-16-alcohol",
      "text": "¿Cuántas porciones de alcohol consume? (5 oz vino, 12 oz cerveza, 1 oz licor)",
      "type": "choice",
      "required": true,
      "answerOption": [
        {
          "valueCoding": {
            "code": "moderate",
            "display": "Moderado (0-1 por día para mujeres)"
          }
        },
        {
          "valueCoding": {
            "code": "none",
            "display": "No consumo"
          }
        },
        {
          "valueCoding": {
            "code": "excessive",
            "display": "Más de 1 por día"
          }
        }
      ]
    }
  ]
}