{
  "resourceType": "PlanDefinition",
  "id": "smoking-cessation-4-steps-grupo-b",
  "meta": {
    "profile": [
      "http://hl7.org/fhir/StructureDefinition/PlanDefinition"
    ]
  },
  "url": "http://epa-bienestar.com.ar/PlanDefinition/smoking-cessation-4-steps-grupo-b",
  "version": "1.0.0",
  "name": "SmokingCessation4StepsGrupoB",
  "title": "Plan de 4 Pasos para Cesación Tabáquica - Grupo B",
  "type": {
    "coding": [
      {
        "system": "http://terminology.hl7.org/CodeSystem/plan-definition-type",
        "code": "clinical-protocol",
        "display": "Clinical Protocol"
      }
    ]
  },
  "status": "active",
  "experimental": false,
  "date": "2026-01-13",
  "publisher": "EPA Bienestar IA",
  "description": "Protocolo estructurado de 4 pasos para cesación tabáquica: Preparación, Tratamiento Farmacológico, Estrategias Psicológicas y Manejo de Recaídas.",
  "purpose": "Guiar a profesionales de salud en la implementación de un programa efectivo de cesación tabáquica basado en evidencia.",
  "copyright": "© 2026 EPA Bienestar IA",
  "topic": [
    {
      "coding": [
        {
          "system": "http://snomed.info/sct",
          "code": "225323000",
          "display": "Smoking cessation education"
        }
      ]
    }
  ],
  "relatedArtifact": [
    {
      "type": "derived-from",
      "display": "Life's Essential 8 - American Heart Association",
      "url": "https://www.heart.org/en/healthy-living/healthy-lifestyle/lifes-essential-8"
    },
    {
      "type": "citation",
      "display": "Guía Nacional de Tratamiento de la Adicción al Tabaco 2011 - Argentina",
      "url": "http://www.msal.gob.ar/tabaco/"
    }
  ],
  "goal": [
    {
      "category": {
        "coding": [
          {
            "system": "http://terminology.hl7.org/CodeSystem/goal-category",
            "code": "behavioral",
            "display": "Behavioral"
          }
        ]
      },
      "description": {
        "text": "Cesación completa de tabaco y vapeo por al menos 12 meses"
      },
      "priority": {
        "coding": [
          {
            "system": "http://terminology.hl7.org/CodeSystem/goal-priority",
            "code": "high-priority",
            "display": "High Priority"
          }
        ]
      },
      "start": {
        "text": "Al iniciar el programa"
      },
      "target": [
        {
          "measure": {
            "coding": [
              {
                "system": "http://loinc.org",
                "code": "72166-2",
                "display": "Tobacco smoking status"
              }
            ]
          },
          "detailCodeableConcept": {
            "coding": [
              {
                "system": "http://snomed.info/sct",
                "code": "8517006",
                "display": "Former smoker"
              }
            ]
          },
          "dueDate": "2026-04-13"
        }
      ]
    }
  ],
  "action": [
    {
      "id": "step-1-preparation",
      "prefix": "Paso 1",
      "title": "Preparación (Semanas 1-2)",
      "description": "Evaluación inicial, establecimiento de fecha objetivo y preparación del entorno",
      "priority": "routine",
      "timingDuration": {
        "value": 2,
        "unit": "wk",
        "system": "http://unitsofmeasure.org",
        "code": "wk"
      },
      "action": [
        {
          "title": "Evaluación Inicial",
          "description": "Realizar evaluación completa del estado de tabaquismo",
          "code": [
            {
              "coding": [
                {
                  "system": "http://snomed.info/sct",
                  "code": "171209006",
                  "display": "Tobacco use assessment"
                }
              ]
            }
          ],
          "definitionCanonical": "ActivityDefinition/smoking-status-assessment"
        },
        {
          "title": "Test de Fagerström",
          "description": "Evaluar nivel de dependencia nicotínica",
          "code": [
            {
              "coding": [
                {
                  "system": "http://snomed.info/sct",
                  "code": "702387009",
                  "display": "Fagerstrom test for nicotine dependence score"
                }
              ]
            }
          ],
          "definitionCanonical": "Questionnaire/fagerstrom-test"
        },
        {
          "title": "Establecer Fecha Objetivo",
          "description": "Definir fecha D para dejar de fumar (día D)",
          "code": [
            {
              "coding": [
                {
                  "system": "http://snomed.info/sct",
                  "code": "225323000",
                  "display": "Smoking cessation education"
                }
              ]
            }
          ]
        },
        {
          "title": "Identificar Gatillos",
          "description": "Crear registro de situaciones, emociones y rutinas asociadas al consumo",
          "code": [
            {
              "coding": [
                {
                  "system": "http://snomed.info/sct",
                  "code": "304891004",
                  "display": "Behavioral analysis"
                }
              ]
            }
          ]
        },
        {
          "title": "Educación a Pareja/Familia",
          "description": "Sesión educativa con sistema de apoyo del paciente",
          "code": [
            {
              "coding": [
                {
                  "system": "http://snomed.info/sct",
                  "code": "409073007",
                  "display": "Education"
                }
              ]
            }
          ]
        }
      ]
    },
    {
      "id": "step-2-pharmacological",
      "prefix": "Paso 2",
      "title": "Tratamiento Farmacológico (Semanas 3-12)",
      "description": "Inicio de terapia farmacológica según protocolo y estado de embarazo",
      "priority": "routine",
      "timingDuration": {
        "value": 10,
        "unit": "wk",
        "system": "http://unitsofmeasure.org",
        "code": "wk"
      },
      "condition": [
        {
          "kind": "applicability",
          "expression": {
            "language": "text/fhirpath",
            "expression": "Observation.where(code.coding.code = '82810-3' and value.coding.code = 'LA15173-0').exists().not()",
            "description": "No embarazada actualmente"
          }
        }
      ],
      "action": [
        {
          "title": "Evaluación Farmacológica",
          "description": "Determinar elegibilidad y seleccionar tratamiento",
          "code": [
            {
              "coding": [
                {
                  "system": "http://snomed.info/sct",
                  "code": "225323000",
                  "display": "Drug therapy assessment"
                }
              ]
            }
          ],
          "action": [
            {
              "title": "Opción A: Terapia de Reemplazo de Nicotina (TRN)",
              "description": "Parches, chicles o pastillas de nicotina",
              "code": [
                {
                  "coding": [
                    {
                      "system": "http://snomed.info/sct",
                      "code": "313041000",
                      "display": "Nicotine replacement therapy"
                    }
                  ]
                }
              ],
              "definitionCanonical": "ActivityDefinition/nrt-therapy"
            },
            {
              "title": "Opción B: Vareniclina",
              "description": "Agonista parcial de receptores nicotínicos",
              "code": [
                {
                  "coding": [
                    {
                      "system": "http://www.whocc.no/atc",
                      "code": "N07BA03",
                      "display": "Varenicline"
                    }
                  ]
                }
              ],
              "definitionCanonical": "ActivityDefinition/varenicline-therapy",
              "condition": [
                {
                  "kind": "applicability",
                  "expression": {
                    "language": "text/fhirpath",
                    "expression": "Observation.where(code.coding.code = '82810-3' and value.coding.code = 'LA15173-0').exists().not()",
                    "description": "Contraindicado en embarazo"
                  }
                }
              ]
            },
            {
              "title": "Opción C: Bupropión",
              "description": "Antidepresivo atípico para cesación",
              "code": [
                {
                  "coding": [
                    {
                      "system": "http://www.whocc.no/atc",
                      "code": "N06AX12",
                      "display": "Bupropion"
                    }
                  ]
                }
              ],
              "definitionCanonical": "ActivityDefinition/bupropion-therapy",
              "condition": [
                {
                  "kind": "applicability",
                  "expression": {
                    "language": "text/fhirpath",
                    "expression": "Observation.where(code.coding.code = '82810-3' and value.coding.code = 'LA15173-0').exists().not()",
                    "description": "Contraindicado en embarazo"
                  }
                }
              ]
            }
          ]
        },
        {
          "title": "Seguimiento Semanal",
          "description": "Consultas semanales para evaluar progreso y efectos adversos",
          "code": [
            {
              "coding": [
                {
                  "system": "http://snomed.info/sct",
                  "code": "386053000",
                  "display": "Follow-up evaluation"
                }
              ]
            }
          ],
          "timingTiming": {
            "repeat": {
              "frequency": 1,
              "period": 1,
              "periodUnit": "wk"
            }
          }
        }
      ]
    },
    {
      "id": "step-3-psychological",
      "prefix": "Paso 3",
      "title": "Estrategias Psicológicas (Semanas 1-12)",
      "description": "Técnicas cognitivo-conductuales y manejo de ansiedad",
      "priority": "routine",
      "timingDuration": {
        "value": 12,
        "unit": "wk",
        "system": "http://unitsofmeasure.org",
        "code": "wk"
      },
      "action": [
        {
          "title": "Terapia Cognitivo-Conductual",
          "description": "Sesiones individuales o grupales",
          "code": [
            {
              "coding": [
                {
                  "system": "http://snomed.info/sct",
                  "code": "385820009",
                  "display": "Cognitive behavioral therapy"
                }
              ]
            }
          ],
          "timingTiming": {
            "repeat": {
              "frequency": 1,
              "period": 1,
              "periodUnit": "wk"
            }
          }
        },
        {
          "title": "Técnica de los 3 Minutos",
          "description": "Entrenamiento en manejo de craving agudo",
          "code": [
            {
              "coding": [
                {
                  "system": "http://snomed.info/sct",
                  "code": "304891004",
                  "display": "Behavioral intervention"
                }
              ]
            }
          ]
        },
        {
          "title": "Ejercicio Físico",
          "description": "30 minutos diarios de actividad moderada",
          "code": [
            {
              "coding": [
                {
                  "system": "http://snomed.info/sct",
                  "code": "229065009",
                  "display": "Exercise therapy"
                }
              ]
            }
          ],
          "goalId": [
            "physical-activity-goal"
          ]
        },
        {
          "title": "Mindfulness y Relajación",
          "description": "Técnicas de respiración y meditación",
          "code": [
            {
              "coding": [
                {
                  "system": "http://snomed.info/sct",
                  "code": "700969003",
                  "display": "Mindfulness-based stress reduction"
                }
              ]
            }
          ]
        }
      ]
    },
    {
      "id": "step-4-relapse-management",
      "prefix": "Paso 4",
      "title": "Manejo de Recaídas (Continuo)",
      "description": "Protocolo para prevención y manejo de recaídas",
      "priority": "routine",
      "action": [
        {
          "title": "Educación sobre Recaídas",
          "description": "Normalizar el proceso y planificar respuesta",
          "code": [
            {
              "coding": [
                {
                  "system": "http://snomed.info/sct",
                  "code": "409073007",
                  "display": "Education"
                }
              ]
            }
          ]
        },
        {
          "title": "Plan de Prevención",
          "description": "Identificar situaciones de alto riesgo y estrategias de afrontamiento",
          "code": [
            {
              "coding": [
                {
                  "system": "http://snomed.info/sct",
                  "code": "710081004",
                  "display": "Relapse prevention therapy"
                }
              ]
            }
          ]
        },
        {
          "title": "Protocolo Post-Recaída",
          "description": "Si ocurre recaída: evaluación, ajuste de plan, reinicio",
          "code": [
            {
              "coding": [
                {
                  "system": "http://snomed.info/sct",
                  "code": "385820009",
                  "display": "Relapse management"
                }
              ]
            }
          ],
          "trigger": [
            {
              "type": "data-changed",
              "name": "smoking-relapse-detected",
              "condition": {
                "kind": "start",
                "expression": {
                  "language": "text/fhirpath",
                  "expression": "Observation.where(code.coding.code = '72166-2' and value.coding.code != '8517006').exists()"
                }
              }
            }
          ]
        }
      ]
    }
  ]
}