{
  "resourceType": "Questionnaire",
  "id": "fagerstrom-nicotine-dependence-test",
  "meta": {
    "profile": [
      "http://hl7.org/fhir/StructureDefinition/Questionnaire"
    ]
  },
  "url": "http://epa-bienestar.com.ar/Questionnaire/fagerstrom-nicotine-dependence-test",
  "version": "1.0.0",
  "name": "FagerstromTest",
  "title": "Test de Dependencia Nicotínica de Fagerström",
  "status": "active",
  "experimental": false,
  "date": "2026-01-13",
  "publisher": "EPA Bienestar IA",
  "description": "Test validado de 6 preguntas para evaluar el nivel de dependencia física a la nicotina. Puntuación: 0-2 dependencia baja, 3-4 dependencia media, 5-6 dependencia alta, 7-10 dependencia muy alta.",
  "purpose": "Evaluar la severidad de la dependencia nicotínica para guiar la selección del tratamiento farmacológico.",
  "code": [
    {
      "system": "http://loinc.org",
      "code": "75889-6",
      "display": "Fagerstrom test for nicotine dependence panel"
    }
  ],
  "item": [
    {
      "linkId": "ftnd-1",
      "code": [
        {
          "system": "http://loinc.org",
          "code": "68535-4",
          "display": "Time to first cigarette after waking"
        }
      ],
      "text": "¿Cuánto tiempo después de despertarse fuma su primer cigarrillo?",
      "type": "choice",
      "required": true,
      "answerOption": [
        {
          "valueCoding": {
            "system": "http://epa-bienestar.com.ar/CodeSystem/fagerstrom-scores",
            "code": "ftnd-1-a",
            "display": "Dentro de los primeros 5 minutos"
          },
          "extension": [
            {
              "url": "http://hl7.org/fhir/StructureDefinition/ordinalValue",
              "valueDecimal": 3
            }
          ]
        },
        {
          "valueCoding": {
            "system": "http://epa-bienestar.com.ar/CodeSystem/fagerstrom-scores",
            "code": "ftnd-1-b",
            "display": "Entre 6 y 30 minutos"
          },
          "extension": [
            {
              "url": "http://hl7.org/fhir/StructureDefinition/ordinalValue",
              "valueDecimal": 2
            }
          ]
        },
        {
          "valueCoding": {
            "system": "http://epa-bienestar.com.ar/CodeSystem/fagerstrom-scores",
            "code": "ftnd-1-c",
            "display": "Entre 31 y 60 minutos"
          },
          "extension": [
            {
              "url": "http://hl7.org/fhir/StructureDefinition/ordinalValue",
              "valueDecimal": 1
            }
          ]
        },
        {
          "valueCoding": {
            "system": "http://epa-bienestar.com.ar/CodeSystem/fagerstrom-scores",
            "code": "ftnd-1-d",
            "display": "Después de 60 minutos"
          },
          "extension": [
            {
              "url": "http://hl7.org/fhir/StructureDefinition/ordinalValue",
              "valueDecimal": 0
            }
          ]
        }
      ]
    },
    {
      "linkId": "ftnd-2",
      "code": [
        {
          "system": "http://loinc.org",
          "code": "68536-2",
          "display": "Difficulty refraining from smoking in forbidden places"
        }
      ],
      "text": "¿Encuentra difícil no fumar en lugares donde está prohibido?",
      "type": "choice",
      "required": true,
      "answerOption": [
        {
          "valueCoding": {
            "system": "http://epa-bienestar.com.ar/CodeSystem/fagerstrom-scores",
            "code": "ftnd-2-yes",
            "display": "Sí"
          },
          "extension": [
            {
              "url": "http://hl7.org/fhir/StructureDefinition/ordinalValue",
              "valueDecimal": 1
            }
          ]
        },
        {
          "valueCoding": {
            "system": "http://epa-bienestar.com.ar/CodeSystem/fagerstrom-scores",
            "code": "ftnd-2-no",
            "display": "No"
          },
          "extension": [
            {
              "url": "http://hl7.org/fhir/StructureDefinition/ordinalValue",
              "valueDecimal": 0
            }
          ]
        }
      ]
    },
    {
      "linkId": "ftnd-3",
      "code": [
        {
          "system": "http://loinc.org",
          "code": "68537-0",
          "display": "Which cigarette would you most hate to give up"
        }
      ],
      "text": "¿A qué cigarrillo le costaría más renunciar?",
      "type": "choice",
      "required": true,
      "answerOption": [
        {
          "valueCoding": {
            "system": "http://epa-bienestar.com.ar/CodeSystem/fagerstrom-scores",
            "code": "ftnd-3-first",
            "display": "El primero de la mañana"
          },
          "extension": [
            {
              "url": "http://hl7.org/fhir/StructureDefinition/ordinalValue",
              "valueDecimal": 1
            }
          ]
        },
        {
          "valueCoding": {
            "system": "http://epa-bienestar.com.ar/CodeSystem/fagerstrom-scores",
            "code": "ftnd-3-other",
            "display": "Cualquier otro"
          },
          "extension": [
            {
              "url": "http://hl7.org/fhir/StructureDefinition/ordinalValue",
              "valueDecimal": 0
            }
          ]
        }
      ]
    },
    {
      "linkId": "ftnd-4",
      "code": [
        {
          "system": "http://loinc.org",
          "code": "68538-8",
          "display": "Number of cigarettes smoked per day"
        }
      ],
      "text": "¿Cuántos cigarrillos fuma al día?",
      "type": "choice",
      "required": true,
      "answerOption": [
        {
          "valueCoding": {
            "system": "http://epa-bienestar.com.ar/CodeSystem/fagerstrom-scores",
            "code": "ftnd-4-a",
            "display": "10 o menos"
          },
          "extension": [
            {
              "url": "http://hl7.org/fhir/StructureDefinition/ordinalValue",
              "valueDecimal": 0
            }
          ]
        },
        {
          "valueCoding": {
            "system": "http://epa-bienestar.com.ar/CodeSystem/fagerstrom-scores",
            "code": "ftnd-4-b",
            "display": "11 a 20"
          },
          "extension": [
            {
              "url": "http://hl7.org/fhir/StructureDefinition/ordinalValue",
              "valueDecimal": 1
            }
          ]
        },
        {
          "valueCoding": {
            "system": "http://epa-bienestar.com.ar/CodeSystem/fagerstrom-scores",
            "code": "ftnd-4-c",
            "display": "21 a 30"
          },
          "extension": [
            {
              "url": "http://hl7.org/fhir/StructureDefinition/ordinalValue",
              "valueDecimal": 2
            }
          ]
        },
        {
          "valueCoding": {
            "system": "http://epa-bienestar.com.ar/CodeSystem/fagerstrom-scores",
            "code": "ftnd-4-d",
            "display": "31 o más"
          },
          "extension": [
            {
              "url": "http://hl7.org/fhir/StructureDefinition/ordinalValue",
              "valueDecimal": 3
            }
          ]
        }
      ]
    },
    {
      "linkId": "ftnd-5",
      "code": [
        {
          "system": "http://loinc.org",
          "code": "68539-6",
          "display": "Smoking more frequently in first hours after waking"
        }
      ],
      "text": "¿Fuma más durante las primeras horas después de despertarse que durante el resto del día?",
      "type": "choice",
      "required": true,
      "answerOption": [
        {
          "valueCoding": {
            "system": "http://epa-bienestar.com.ar/CodeSystem/fagerstrom-scores",
            "code": "ftnd-5-yes",
            "display": "Sí"
          },
          "extension": [
            {
              "url": "http://hl7.org/fhir/StructureDefinition/ordinalValue",
              "valueDecimal": 1
            }
          ]
        },
        {
          "valueCoding": {
            "system": "http://epa-bienestar.com.ar/CodeSystem/fagerstrom-scores",
            "code": "ftnd-5-no",
            "display": "No"
          },
          "extension": [
            {
              "url": "http://hl7.org/fhir/StructureDefinition/ordinalValue",
              "valueDecimal": 0
            }
          ]
        }
      ]
    },
    {
      "linkId": "ftnd-6",
      "code": [
        {
          "system": "http://loinc.org",
          "code": "68540-4",
          "display": "Smoking when ill"
        }
      ],
      "text": "¿Fuma aunque esté tan enfermo/a que tenga que guardar cama la mayor parte del día?",
      "type": "choice",
      "required": true,
      "answerOption": [
        {
          "valueCoding": {
            "system": "http://epa-bienestar.com.ar/CodeSystem/fagerstrom-scores",
            "code": "ftnd-6-yes",
            "display": "Sí"
          },
          "extension": [
            {
              "url": "http://hl7.org/fhir/StructureDefinition/ordinalValue",
              "valueDecimal": 1
            }
          ]
        },
        {
          "valueCoding": {
            "system": "http://epa-bienestar.com.ar/CodeSystem/fagerstrom-scores",
            "code": "ftnd-6-no",
            "display": "No"
          },
          "extension": [
            {
              "url": "http://hl7.org/fhir/StructureDefinition/ordinalValue",
              "valueDecimal": 0
            }
          ]
        }
      ]
    },
    {
      "linkId": "ftnd-total",
      "code": [
        {
          "system": "http://loinc.org",
          "code": "75889-6",
          "display": "Fagerstrom test for nicotine dependence total score"
        }
      ],
      "text": "Puntuación Total (calculada automáticamente)",
      "type": "integer",
      "readOnly": true,
      "extension": [
        {
          "url": "http://hl7.org/fhir/StructureDefinition/questionnaire-calculatedExpression",
          "valueExpression": {
            "language": "text/fhirpath",
            "expression": "%resource.item.where(linkId != 'ftnd-total').answer.value.extension('http://hl7.org/fhir/StructureDefinition/ordinalValue').value.aggregate($this + $total, 0)"
          }
        }
      ]
    },
    {
      "linkId": "ftnd-interpretation",
      "text": "Interpretación",
      "type": "display",
      "extension": [
        {
          "url": "http://hl7.org/fhir/StructureDefinition/questionnaire-calculatedExpression",
          "valueExpression": {
            "language": "text/fhirpath",
            "expression": "iif(%resource.item.where(linkId='ftnd-total').answer.value <= 2, 'Dependencia Baja', iif(%resource.item.where(linkId='ftnd-total').answer.value <= 4, 'Dependencia Media', iif(%resource.item.where(linkId='ftnd-total').answer.value <= 6, 'Dependencia Alta', 'Dependencia Muy Alta')))"
          }
        }
      ]
    }
  ]
}