{
  "meta": {
    "title": "Programa de Cesación Tabáquica - FHIR R4 Resources",
    "description": "Recursos FHIR R4 completos para implementar programa de cesación tabáquica en Medplum",
    "version": "1.0.0",
    "date": "2026-01-13",
    "publisher": "EPA Bienestar IA",
    "targetGroup": "Grupo B - Mujeres 28-40 años planificando maternidad",
    "framework": "Life's Essential 8 - American Heart Association"
  },
  "resources_files": [
    "fhir_observationDefinition.json",
    "fhir_activityDefinition.json",
    "fhir_planDefinition.json",
    "fhir_questionnaireFagerstrom.json",
    "fhir_questionnaireMEPA.json",
    "fhir_carePlanTemplate.json"
  ],
  "documentation_files": [
    "Guia_Cesacion_Tabaquica_Grupo_B.docx",
    "upload_to_medplum.py",
    "example_patient_careplan.json"
  ]
}
